Id,Name,Shape Library,Page ID,Contained By,Group,Line Source,Line Destination,Source Arrow,Destination Arrow,Status,Text Area 1
1,Document,,,,,,,,,,Presentation Slides
2,Page,,,,,,,,,,Page 1
3,Process,Flowchart Shapes,2,,,,,,,,Linux Utilities
4,Process,Flowchart Shapes,2,,,,,,,,libmicrohttpd
5,Process,Flowchart Shapes,2,,,,,,,,libhttpserver
6,Process,Flowchart Shapes,2,,,,,,,,UtopiaServer
7,Process,Flowchart Shapes,2,,,,,,,,libxml2
8,Process,Flowchart Shapes,2,,,,,,,,xmlsec
9,Process,Flowchart Shapes,2,,,,,,,,libssl
10,Process,Flowchart Shapes,2,,,,,,,,Top
11,Process,Flowchart Shapes,2,,,,,,,,Vmstat
12,Process,Flowchart Shapes,2,,,,,,,,Curl
13,Process,Flowchart Shapes,2,,,,,,,,Logging Library
14,Process,Flowchart Shapes,2,,,,,,,,OpenSSL
15,Process,Flowchart Shapes,2,,,,,,,,Valgrind 
16,Process,Flowchart Shapes,2,,,,,,,,Clang++
17,Line,,2,,,5,6,None,Arrow,,
18,Line,,2,,,7,8,None,Arrow,,
19,Line,,2,,,4,5,None,Arrow,,
20,Line,,2,,,8,6,None,Arrow,,
21,Line,,2,,,9,8,None,Arrow,,
22,Line,,2,,,13,6,None,Arrow,,
23,Line,,2,,,3,6,None,Arrow,,
24,Line,,2,,,14,6,None,Arrow,,
25,Line,,2,,,15,6,None,Arrow,,
26,Line,,2,,,16,6,None,Arrow,,